target_x,target_y,target_z,feedback_x,feedback_y,feedback_z
1070,0,1000,1020.3,-0.0115905,1016.02
1070,0,1000,1021.23,-0.0112813,1015.7
1070,1.49999,1000,1022.16,-0.0109747,1015.38
1069.99,2.99995,1000,1023.1,-0.0106706,1015.05
1069.97,4.49983,1000,1024.03,-0.0103689,1014.73
1069.94,5.9996,1000,1024.96,-0.0100697,1014.4
1069.91,7.49922,1000,1025.89,-0.00977258,1014.08
1069.87,8.99865,1000,1026.82,-0.00947582,1013.76
1069.82,10.4979,1000,1027.76,-0.00917875,1013.43
1069.76,11.9968,1000,1028.69,-0.00862949,1013.11
1069.7,13.4954,1000,1029.62,-0.00688588,1012.79
1069.63,14.9938,1000,1030.55,-0.00223456,1012.47
1069.55,16.4917,1000,1031.49,0.0074174,1012.15
1069.46,17.9892,1000,1032.42,0.0240849,1011.83
1069.37,19.4863,1000,1033.35,0.0496506,1011.51
1069.27,20.9829,1000,1034.27,0.0858466,1011.2
1069.16,22.4789,1000,1035.19,0.134091,1010.89
1069.04,23.9744,1000,1036.11,0.195665,1010.58
1068.92,25.4693,1000,1037.02,0.272095,1010.28
1068.79,26.9636,1000,1037.91,0.36537,1009.98
1068.65,28.4572,1000,1038.8,0.477973,1009.69
1068.5,29.95,1000,1039.67,0.612724,1009.4
1068.35,31.4422,1000,1040.52,0.772415,1009.11
1068.19,32.9335,1000,1041.36,0.959288,1008.83
1068.02,34.424,1000,1042.18,1.17474,1008.55
1067.84,35.9137,1000,1042.98,1.41953,1008.28
1067.66,37.4024,1000,1043.76,1.69398,1008.02
1067.47,38.8902,1000,1044.52,1.99813,1007.76
1067.27,40.3771,1000,1045.26,2.3319,1007.51
1067.06,41.8629,1000,1045.98,2.69506,1007.27
1066.85,43.3477,1000,1046.68,3.08753,1007.03
1066.63,44.8314,1000,1047.36,3.50941,1006.8
1066.4,46.314,1000,1048.02,3.96085,1006.57
1066.17,47.7955,1000,1048.66,4.44171,1006.36
1065.93,49.2757,1000,1049.28,4.95136,1006.15
1065.68,50.7547,1000,1049.88,5.48903,1005.94
1065.42,52.2324,1000,1050.45,6.05404,1005.74
1065.15,53.7089,1000,1051.01,6.64576,1005.55
1064.88,55.184,1000,1051.55,7.26347,1005.36
1064.6,56.6577,1000,1052.07,7.90651,1005.18
1064.31,58.13,1000,1052.57,8.57438,1005.01
1064.02,59.6008,1000,1053.51,9.98269,1004.68
1063.72,61.0701,1000,1054.37,11.4839,1004.37
1063.41,62.538,1000,1055.16,13.073,1004.08
1063.09,64.0042,1000,1055.88,14.7439,1003.81
1062.77,65.4689,1000,1056.21,15.6072,1003.68
1062.44,66.9319,1000,1056.83,17.3816,1003.43
1062.1,68.3933,1000,1057.38,19.2092,1003.21
1061.75,69.8529,1000,1057.62,20.1394,1003.1
1061.4,71.3108,1000,1058.08,22.0271,1002.89
1061.04,72.7669,1000,1058.28,22.9824,1002.8
1060.67,74.2212,1000,1058.65,24.9104,1002.61
1060.3,75.6736,1000,1058.82,25.8808,1002.53
1059.92,77.1242,1000,1059.12,27.8289,1002.36
1059.53,78.5728,1000,1059.26,28.8052,1002.28
1059.13,80.0194,1000,1059.5,30.761,1002.14
1058.73,81.4641,1000,1059.6,31.7405,1002.07
1058.32,82.9067,1000,1059.78,33.7024,1001.93
1057.9,84.3472,1000,1059.86,34.6846,1001.87
1057.47,85.7857,1000,1059.98,36.65,1001.75
1057.04,87.222,1000,1060.03,37.6326,1001.69
1056.6,88.6561,1000,1060.11,39.5973,1001.58
1056.15,90.088,1000,1060.13,40.5795,1001.53
1055.7,91.5176,1000,1060.15,41.5617,1001.48
1055.24,92.9449,1000,1060.16,43.5257,1001.38
1054.77,94.37,1000,1060.15,44.5073,1001.34
1054.3,95.7926,1000,1060.11,46.4696,1001.25
1053.81,97.2129,1000,1060.08,47.4502,1001.21
1053.32,98.6308,1000,1060,49.4103,1001.13
1052.83,100.046,1000,1059.95,50.3902,1001.1
1052.32,101.459,1000,1059.82,52.3509,1001.03
1051.81,102.869,1000,1059.75,53.3314,1000.99
1051.29,104.277,1000,1059.67,54.3114,1000.96
1050.77,105.682,1000,1059.49,56.2687,1000.9
1050.24,107.085,1000,1059.39,57.2458,1000.87
1049.7,108.485,1000,1059.18,59.1975,1000.82
1049.15,109.882,1000,1059.06,60.1729,1000.79
1048.6,111.276,1000,1058.8,62.1237,1000.74
1048.04,112.668,1000,1058.67,63.0989,1000.71
1047.47,114.057,1000,1058.53,64.0737,1000.69
1046.9,115.442,1000,1058.23,66.022,1000.65
1046.32,116.826,1000,1058.07,66.995,1000.63
1045.73,118.206,1000,1057.73,68.9381,1000.59
1045.14,119.583,1000,1057.56,69.908,1000.57
1044.53,120.957,1000,1057.19,71.8447,1000.53
1043.93,122.328,1000,1057,72.8118,1000.51
1043.31,123.696,1000,1056.81,73.7781,1000.5
1042.69,125.061,1000,1056.4,75.7081,1000.46
1042.06,126.423,1000,1056.19,76.6717,1000.45
1041.43,127.782,1000,1055.75,78.5958,1000.42
1040.78,129.137,1000,1055.53,79.5562,1000.41
1040.13,130.49,1000,1055.3,80.5156,1000.39
1039.48,131.839,1000,1054.83,82.4308,1000.37
1038.82,133.184,1000,1054.58,83.3866,1000.36
1038.15,134.527,1000,1054.08,85.2945,1000.33
1037.47,135.866,1000,1053.83,86.2467,1000.32
1036.79,137.202,1000,1053.3,88.1475,1000.3
1036.1,138.534,1000,1053.03,89.0961,1000.29
1035.4,139.863,1000,1052.76,90.0434,1000.28
1034.7,141.188,1000,1052.2,91.9343,1000.26
1033.99,142.509,1000,1051.91,92.8778,1000.25
1033.27,143.828,1000,1051.33,94.761,1000.23
1032.55,145.142,1000,1051.03,95.7008,1000.23
1031.82,146.453,1000,1050.73,96.6392,1000.22
1031.09,147.76,1000,1050.11,98.5123,1000.2
1030.35,149.064,1000,1049.8,99.4468,1000.2
1029.6,150.364,1000,1049.48,100.38,1000.19
1028.84,151.66,1000,1048.83,102.242,1000.17
1028.08,152.952,1000,1048.5,103.171,1000.17
1027.31,154.241,1000,1047.83,105.026,1000.16
1026.54,155.525,1000,1047.49,105.951,1000.15
1025.76,156.806,1000,1047.15,106.874,1000.14
1024.97,158.083,1000,1046.45,108.718,1000.13
1024.18,159.356,1000,1046.09,109.637,1000.13
1023.38,160.625,1000,1045.37,111.472,1000.12
1022.57,161.89,1000,1045.01,112.387,1000.11
1021.76,163.15,1000,1044.64,113.3,1000.11
1020.94,164.407,1000,1043.89,115.124,1000.1
1020.11,165.66,1000,1043.51,116.033,1000.09
1019.28,166.908,1000,1043.13,116.941,1000.09
1018.44,168.153,1000,1042.35,118.752,1000.08
1017.6,169.393,1000,1041.96,119.655,1000.07
1016.75,170.629,1000,1041.16,121.458,1000.07
1015.89,171.86,1000,1040.76,122.357,1000.06
1015.03,173.088,1000,1040.35,123.254,1000.06
1014.16,174.311,1000,1039.53,125.044,1000.05
1013.29,175.529,1000,1039.11,125.937,1000.05
1012.41,176.743,1000,1038.69,126.828,1000.04
1011.52,177.953,1000,1037.84,128.606,1000.04
1010.63,179.159,1000,1037.41,129.492,1000.03
1009.73,180.36,1000,1036.97,130.377,1000.03
1008.83,181.556,1000,1036.1,132.142,1000.02
1007.91,182.748,1000,1035.66,133.022,1000.02
1007,183.935,1000,1034.76,134.777,1000.01
1006.08,185.118,1000,1034.31,135.652,1000.01
1005.15,186.296,1000,1033.85,136.526,1000.01
1004.21,187.469,1000,1032.93,138.268,1000
1003.27,188.638,1000,1032.47,139.136,999.999
1002.33,189.802,1000,1032,140.003,999.996
1001.37,190.961,1000,1031.05,141.731,999.991
1000.42,192.116,1000,1030.58,142.593,999.988
999.453,193.265,1000,1030.09,143.453,999.985
998.483,194.41,1000,1029.12,145.168,999.979
997.509,195.55,1000,1028.63,146.022,999.977
996.528,196.685,1000,1028.14,146.875,999.974
995.542,197.815,1000,1027.15,148.576,999.969
994.55,198.941,1000,1026.65,149.424,999.967
993.552,200.061,1000,1026.14,150.27,999.964
992.549,201.176,1000,1025.12,151.956,999.959
991.541,202.286,1000,1024.61,152.797,999.957
990.526,203.392,1000,1024.09,153.635,999.955
989.507,204.492,1000,1023.05,155.307,999.95
988.481,205.587,1000,1022.53,156.14,999.948
987.451,206.676,1000,1022,156.971,999.945
986.415,207.761,1000,1021.47,157.801,999.943
985.373,208.841,1000,1020.39,159.454,999.938
984.326,209.915,1000,1019.85,160.278,999.936
983.274,210.984,1000,1019.31,161.099,999.933
982.216,212.048,1000,1018.22,162.737,999.929
981.154,213.106,1000,1017.67,163.553,999.927
980.085,214.159,1000,1017.11,164.367,999.924
979.012,215.207,1000,1015.99,165.989,999.92
977.933,216.249,1000,1015.43,166.797,999.918
976.85,217.286,1000,1014.86,167.603,999.916
975.761,218.318,1000,1014.3,168.407,999.913
974.666,219.344,1000,1013.15,170.009,999.909
973.567,220.364,1000,1012.57,170.807,999.907
972.463,221.379,1000,1011.99,171.602,999.904
971.353,222.389,1000,1011.41,172.396,999.902
970.239,223.393,1000,1010.23,173.977,999.897
969.119,224.391,1000,1009.64,174.765,999.895
967.995,225.384,1000,1009.05,175.55,999.893
966.866,226.371,1000,1007.85,177.114,999.889
965.731,227.353,1000,1007.25,177.893,999.887
964.592,228.329,1000,1006.64,178.67,999.884
963.448,229.299,1000,1006.03,179.445,999.882
962.299,230.263,1000,1004.81,180.987,999.878
961.145,231.222,1000,1004.19,181.756,999.875
959.987,232.174,1000,1003.57,182.521,999.873
958.824,233.122,1000,1002.95,183.285,999.871
957.656,234.063,1000,1001.7,184.806,999.866
956.483,234.998,1000,1001.07,185.563,999.864
955.306,235.928,1000,1000.44,186.318,999.861
954.124,236.851,1000,999.8,187.07,999.859
952.937,237.769,1000,999.161,187.821,999.857
951.746,238.68,1000,997.877,189.314,999.852
950.55,239.586,1000,997.231,190.058,999.85
949.35,240.486,1000,996.582,190.799,999.848
948.146,241.38,1000,995.931,191.538,999.845
946.936,242.267,1000,995.277,192.274,999.843
945.723,243.149,1000,993.961,193.74,999.838
944.505,244.025,1000,993.299,194.47,999.836
943.283,244.894,1000,992.635,195.197,999.834
942.056,245.757,1000,991.968,195.921,999.831
940.825,246.615,1000,990.626,197.363,999.827
939.59,247.466,1000,989.273,198.796,999.822
938.35,248.311,1000,987.91,200.218,999.817
937.107,249.149,1000,986.536,201.63,999.812
935.859,249.982,1000,985.845,202.333,999.809
934.607,250.808,1000,984.456,203.73,999.804
933.351,251.628,1000,983.057,205.118,999.799
932.091,252.441,1000,981.648,206.496,999.793
930.826,253.249,1000,980.231,207.866,999.787
929.558,254.05,1000,979.519,208.548,999.784
928.286,254.844,1000,978.09,209.905,999.778
927.01,255.632,1000,976.653,211.253,999.773
925.73,256.414,1000,975.21,212.595,999.768
924.446,257.19,1000,973.759,213.929,999.763
923.158,257.959,1000,973.031,214.593,999.76
921.866,258.721,1000,971.571,215.916,999.755
920.571,259.477,1000,970.104,217.231,999.751
919.271,260.227,1000,968.63,218.539,999.746
917.968,260.97,1000,967.891,219.19,999.744
916.662,261.707,1000,966.407,220.487,999.739
915.351,262.437,1000,964.917,221.776,999.734
914.037,263.16,1000,963.42,223.058,999.73
912.72,263.877,1000,962.669,223.695,999.728
911.399,264.587,1000,961.162,224.965,999.724
910.074,265.291,1000,959.648,226.227,999.72
908.746,265.988,1000,958.128,227.481,999.716
907.414,266.678,1000,957.365,228.104,999.714
906.079,267.362,1000,955.835,229.346,999.71
904.74,268.039,1000,954.297,230.578,999.706
903.398,268.71,1000,952.753,231.803,999.702
902.053,269.373,1000,951.978,232.412,999.7
900.705,270.03,1000,950.424,233.623,999.696
899.353,270.68,1000,948.863,234.826,999.692
897.998,271.324,1000,947.294,236.019,999.689
896.64,271.96,1000,946.508,236.613,999.687
895.278,272.59,1000,944.93,237.793,999.683
893.914,273.213,1000,943.344,238.964,999.68
892.546,273.829,1000,941.752,240.126,999.676
891.176,274.438,1000,940.954,240.704,999.674
889.802,275.041,1000,939.352,241.852,999.671
888.425,275.637,1000,937.743,242.99,999.667
887.046,276.225,1000,936.936,243.556,999.665
885.663,276.807,1000,935.317,244.68,999.662
884.277,277.382,1000,933.691,245.795,999.659
882.889,277.95,1000,932.876,246.349,999.657
881.498,278.511,1000,931.24,247.449,999.654
880.104,279.065,1000,929.598,248.539,999.65
878.707,279.612,1000,927.949,249.619,999.647
877.308,280.152,1000,927.122,250.155,999.646
875.906,280.685,1000,925.463,251.22,999.642
874.501,281.211,1000,923.798,252.274,999.639
873.094,281.73,1000,922.962,252.797,999.637
871.684,282.242,1000,921.286,253.836,999.634
870.271,282.747,1000,919.604,254.864,999.631
868.856,283.244,1000,918.76,255.374,999.629
867.439,283.735,1000,917.068,256.386,999.626
866.019,284.219,1000,915.37,257.387,999.622
864.597,284.695,1000,914.518,257.883,999.621
863.172,285.165,1000,912.81,258.868,999.618
861.745,285.627,1000,911.096,259.843,999.615
860.316,286.082,1000,910.236,260.326,999.613
858.884,286.53,1000,908.513,261.283,999.61
857.451,286.971,1000,906.783,262.229,999.606
856.015,287.405,1000,905.915,262.698,999.605
854.576,287.831,1000,904.176,263.628,999.602
853.136,288.251,1000,902.43,264.545,999.598
851.694,288.663,1000,901.555,265,999.597
850.25,289.067,1000,899.801,265.9,999.593
848.803,289.465,1000,898.04,266.789,999.59
847.355,289.855,1000,897.158,267.23,999.589
845.905,290.239,1000,895.388,268.101,999.585
844.453,290.615,1000,893.613,268.961,999.582
842.999,290.983,1000,892.724,269.386,999.581
841.543,291.345,1000,890.94,270.229,999.577
840.085,291.699,1000,890.046,270.645,999.576
838.626,292.045,1000,888.254,271.47,999.572
837.165,292.385,1000,886.457,272.282,999.569
835.702,292.717,1000,885.556,272.684,999.567
834.238,293.042,1000,883.75,273.479,999.564
832.772,293.359,1000,881.939,274.262,999.561
831.304,293.67,1000,881.032,274.649,999.559
829.835,293.972,1000,879.213,275.413,999.556
828.364,294.268,1000,878.302,275.79,999.555
826.892,294.556,1000,876.475,276.536,999.551
825.419,294.837,1000,874.643,277.269,999.548
823.944,295.11,1000,873.725,277.631,999.546
822.468,295.376,1000,871.886,278.346,999.543
820.99,295.635,1000,870.965,278.698,999.541
819.511,295.886,1000,869.118,279.394,999.538
818.031,296.13,1000,867.267,280.077,999.535
816.55,296.366,1000,866.34,280.414,999.533
815.068,296.596,1000,864.481,281.079,999.53
813.584,296.817,1000,863.551,281.407,999.528
812.099,297.031,1000,861.685,282.052,999.525
810.614,297.238,1000,859.816,282.685,999.521
809.127,297.438,1000,858.879,282.996,999.52
807.639,297.629,1000,857.003,283.609,999.516
806.151,297.814,1000,856.064,283.911,999.515
804.661,297.991,1000,854.181,284.505,999.511
803.171,298.161,1000,852.295,285.086,999.508
801.68,298.323,1000,851.351,285.371,999.506
800.188,298.477,1000,849.46,285.932,999.502
798.695,298.625,1000,848.514,286.207,999.5
797.201,298.764,1000,846.619,286.75,999.497
795.707,298.897,1000,845.67,287.016,999.496
794.213,299.021,1000,843.77,287.539,999.493
792.717,299.139,1000,841.866,288.049,999.49
791.221,299.248,1000,840.912,288.298,999.488
789.725,299.351,1000,839.001,288.788,999.484
788.228,299.446,1000,838.044,289.028,999.482
786.73,299.533,1000,836.127,289.499,999.479
785.232,299.613,1000,835.167,289.729,999.477
783.734,299.685,1000,833.245,290.181,999.474
782.236,299.75,1000,831.319,290.619,999.47
780.737,299.808,1000,830.355,290.833,999.468
779.237,299.858,1000,828.425,291.251,999.465
777.738,299.9,1000,827.459,291.455,999.463
776.238,299.935,1000,825.525,291.853,999.46
774.739,299.963,1000,824.556,292.047,999.458
773.239,299.983,1000,822.618,292.426,999.454
771.739,299.995,1000,821.648,292.61,999.453
770.239,300,1000,819.706,292.969,999.449
768.739,299.997,1000,818.734,293.143,999.447
767.239,299.987,1000,816.789,293.482,999.444
765.739,299.97,1000,814.841,293.807,999.44
764.239,299.945,1000,813.866,293.965,999.438
762.74,299.912,1000,811.915,294.271,999.435
761.24,299.872,1000,810.939,294.418,999.433
759.741,299.825,1000,808.985,294.704,999.43
758.242,299.769,1000,808.008,294.841,999.428
756.743,299.707,1000,806.051,295.106,999.424
755.245,299.637,1000,805.072,295.233,999.422
753.747,299.559,1000,803.113,295.477,999.418
752.249,299.474,1000,802.134,295.594,999.416
750.752,299.382,1000,800.175,295.819,999.412
749.255,299.282,1000,799.195,295.926,999.411
747.759,299.174,1000,797.235,296.131,999.408
746.264,299.06,1000,796.255,296.228,999.406
744.769,298.937,1000,794.295,296.413,999.403
743.274,298.807,1000,792.333,296.584,999.399
741.781,298.67,1000,791.351,296.665,999.397
740.288,298.525,1000,789.387,296.815,999.394
738.795,298.373,1000,788.405,296.886,999.392
737.304,298.213,1000,786.439,297.016,999.388
735.813,298.046,1000,785.456,297.076,999.386
734.324,297.871,1000,783.489,297.186,999.383
732.835,297.689,1000,782.506,297.236,999.38
731.347,297.499,1000,780.54,297.326,999.376
729.86,297.302,1000,779.558,297.366,999.374
728.374,297.098,1000,777.594,297.436,999.371
726.889,296.886,1000,776.613,297.467,999.369
725.405,296.667,1000,774.652,297.518,999.366
723.922,296.44,1000,773.671,297.539,999.365
722.44,296.206,1000,771.711,297.57,999.361
720.96,295.965,1000,770.731,297.581,999.36
719.481,295.716,1000,768.77,297.592,999.356
718.003,295.459,1000,767.789,297.593,999.355
716.526,295.196,1000,765.828,297.584,999.351
715.051,294.925,1000,764.847,297.575,999.35
713.577,294.646,1000,762.885,297.546,999.346
712.104,294.36,1000,761.904,297.527,999.344
710.633,294.067,1000,759.941,297.478,999.341
709.164,293.767,1000,758.96,297.449,999.339
707.696,293.459,1000,756.997,297.38,999.336
706.229,293.144,1000,756.016,297.34,999.334
704.764,292.821,1000,754.053,297.251,999.33
703.301,292.491,1000,753.071,297.202,999.328
701.839,292.154,1000,751.109,297.093,999.325
700.379,291.81,1000,750.127,297.034,999.323
698.921,291.458,1000,748.165,296.905,999.319
697.465,291.099,1000,747.183,296.836,999.317
696.01,290.733,1000,745.221,296.687,999.313
694.558,290.359,1000,744.24,296.608,999.312
693.107,289.978,1000,742.279,296.439,999.308
691.658,289.59,1000,741.298,296.35,999.306
690.211,289.195,1000,739.338,296.162,999.302
688.766,288.792,1000,738.358,296.063,999.3
687.323,288.383,1000,736.399,295.855,999.296
685.882,287.966,1000,735.42,295.746,999.294
684.443,287.541,1000,734.441,295.634,999.292
683.007,287.11,1000,732.484,295.4,999.288
681.572,286.671,1000,731.507,295.278,999.287
680.14,286.226,1000,729.552,295.024,999.283
678.71,285.773,1000,728.575,294.892,999.281
677.282,285.313,1000,726.623,294.618,999.277
675.857,284.846,1000,725.648,294.477,999.275
674.434,284.371,1000,723.698,294.183,999.271
673.013,283.89,1000,722.723,294.032,999.27
671.595,283.402,1000,720.775,293.718,999.266
670.179,282.906,1000,719.801,293.556,999.264
668.766,282.403,1000,717.855,293.223,999.26
667.355,281.894,1000,716.882,293.051,999.258
665.947,281.377,1000,715.91,292.876,999.256
664.541,280.853,1000,713.966,292.515,999.251
663.138,280.322,1000,712.996,292.33,999.249
661.738,279.785,1000,711.056,291.95,999.245
660.341,279.24,1000,710.087,291.755,999.243
658.946,278.688,1000,708.151,291.356,999.239
657.554,278.129,1000,707.184,291.151,999.237
656.164,277.563,1000,705.253,290.732,999.233
654.778,276.991,1000,704.288,290.518,999.231
653.395,276.411,1000,703.324,290.3,999.229
652.014,275.825,1000,701.399,289.855,999.225
650.636,275.231,1000,700.437,289.628,999.223
649.262,274.631,1000,698.516,289.163,999.219
647.89,274.024,1000,697.557,288.926,999.217
646.521,273.41,1000,695.64,288.443,999.213
645.156,272.789,1000,694.684,288.196,999.211
643.794,272.162,1000,693.728,287.946,999.209
642.434,271.527,1000,691.818,287.436,999.205
641.078,270.886,1000,690.865,287.177,999.203
639.725,270.238,1000,688.961,286.648,999.199
638.376,269.583,1000,688.01,286.379,999.197
637.03,268.922,1000,686.111,285.831,999.193
635.687,268.254,1000,685.164,285.552,999.191
634.347,267.579,1000,684.217,285.27,999.189
633.011,266.897,1000,682.326,284.696,999.185
631.678,266.209,1000,681.382,284.404,999.183
630.349,265.514,1000,679.497,283.811,999.179
629.023,264.812,1000,678.556,283.51,999.177
627.701,264.104,1000,677.617,283.205,999.175
626.382,263.389,1000,675.74,282.587,999.171
625.067,262.668,1000,674.803,282.273,999.169
623.755,261.94,1000,672.933,281.636,999.166
622.448,261.205,1000,672,281.313,999.164
621.143,260.464,1000,671.068,280.986,999.162
619.843,259.717,1000,669.206,280.324,999.158
618.546,258.963,1000,668.278,279.988,999.156
617.253,258.202,1000,666.423,279.307,999.152
615.964,257.435,1000,665.498,278.962,999.15
614.679,256.662,1000,664.574,278.614,999.148
613.398,255.882,1000,662.729,277.907,999.144
612.12,255.096,1000,661.809,277.549,999.142
610.847,254.303,1000,659.972,276.824,999.138
609.577,253.504,1000,659.055,276.457,999.136
608.312,252.699,1000,658.14,276.087,999.134
607.05,251.888,1000,656.312,275.337,999.13
605.793,251.07,1000,655.401,274.957,999.128
604.539,250.245,1000,654.491,274.575,999.126
603.29,249.415,1000,652.674,273.8,999.122
602.045,248.578,1000,651.768,273.408,999.12
600.804,247.735,1000,649.96,272.616,999.116
599.568,246.886,1000,649.057,272.215,999.115
598.336,246.031,1000,648.156,271.811,999.113
597.108,245.17,1000,646.359,270.994,999.109
595.884,244.302,1000,645.462,270.581,999.107
594.665,243.429,1000,644.567,270.165,999.105
593.45,242.549,1000,642.781,269.323,999.101
592.239,241.663,1000,641.891,268.898,999.099
591.033,240.771,1000,641.001,268.47,999.097
589.831,239.873,1000,639.227,267.605,999.093
588.634,238.97,1000,638.342,267.167,999.092
587.442,238.06,1000,636.578,266.284,999.088
586.254,237.144,1000,635.697,265.838,999.086
585.07,236.222,1000,634.819,265.388,999.084
583.892,235.295,1000,633.066,264.481,999.08
582.717,234.361,1000,632.192,264.023,999.078
581.548,233.422,1000,631.32,263.562,999.077
580.383,232.477,1000,629.58,262.631,999.073
579.223,231.526,1000,628.713,262.161,999.071
578.068,230.569,1000,627.847,261.688,999.069
576.917,229.606,1000,626.12,260.733,999.065
575.772,228.638,1000,625.259,260.252,999.063
574.631,227.664,1000,624.4,259.768,999.062
573.495,226.685,1000,622.686,258.79,999.058
572.364,225.699,1000,621.832,258.297,999.056
571.238,224.708,1000,620.98,257.801,999.054
570.117,223.712,1000,619.28,256.801,999.051
569.001,222.709,1000,618.433,256.296,999.049
567.89,221.702,1000,617.587,255.788,999.047
566.784,220.688,1000,616.743,255.278,999.045
565.683,219.669,1000,615.061,254.249,999.042
564.587,218.645,1000,614.223,253.73,999.04
563.497,217.615,1000,613.386,253.208,999.038
562.411,216.58,1000,611.719,252.156,999.035
561.331,215.539,1000,610.888,251.626,999.033
560.256,214.493,1000,610.059,251.093,999.031
559.186,213.442,1000,608.406,250.018,999.028
558.122,212.385,1000,607.582,249.477,999.026
557.062,211.323,1000,606.761,248.932,999.025
556.008,210.256,1000,605.941,248.385,999.023
554.96,209.183,1000,604.308,247.282,999.019
553.916,208.106,1000,603.494,246.727,999.017
552.879,207.022,1000,602.682,246.168,999.016
551.846,205.934,1000,601.065,245.043,999.012
550.819,204.841,1000,600.259,244.476,999.01
549.798,203.743,1000,599.455,243.907,999.009
548.782,202.639,1000,598.653,243.334,999.007
547.771,201.53,1000,597.055,242.182,999.004
546.767,200.417,1000,596.26,241.601,999.002
545.767,199.298,1000,595.466,241.018,999
544.774,198.174,1000,594.674,240.432,998.999
543.786,197.046,1000,593.097,239.252,998.995
542.803,195.912,1000,592.312,238.658,998.994
541.826,194.774,1000,591.529,238.061,998.992
540.855,193.63,1000,590.747,237.462,998.991
539.89,192.482,1000,589.191,236.255,998.988
538.931,191.329,1000,588.417,235.647,998.986
537.977,190.172,1000,587.644,235.037,998.984
537.029,189.009,1000,586.873,234.425,998.983
536.087,187.842,1000,585.339,233.191,998.98
535.151,186.67,1000,584.575,232.571,998.978
534.22,185.493,1000,583.814,231.947,998.977
533.296,184.312,1000,583.054,231.322,998.975
532.377,183.126,1000,582.297,230.693,998.973
531.464,181.936,1000,580.789,229.428,998.97
530.558,180.741,1000,580.039,228.792,998.969
529.657,179.542,1000,579.291,228.153,998.967
528.762,178.338,1000,578.545,227.511,998.966
527.874,177.129,1000,577.802,226.867,998.965
526.991,175.916,1000,576.321,225.571,998.962
526.114,174.699,1000,574.85,224.265,998.959
525.244,173.478,1000,573.389,222.948,998.956
524.38,172.252,1000,571.937,221.621,998.954
523.521,171.021,1000,571.215,220.954,998.952
522.669,169.787,1000,569.777,219.612,998.95
521.824,168.548,1000,568.35,218.26,998.947
520.984,167.305,1000,566.931,216.899,998.945
520.151,166.058,1000,565.521,215.529,998.944
519.323,164.807,1000,564.119,214.15,998.943
518.502,163.551,1000,563.421,213.457,998.942
517.688,162.292,1000,562.032,212.067,998.941
516.88,161.028,1000,560.651,210.669,998.94
516.078,159.76,1000,559.277,209.264,998.939
515.282,158.489,1000,557.91,207.853,998.939
514.493,157.213,1000,557.229,207.144,998.939
513.71,155.934,1000,555.874,205.722,998.939
512.933,154.65,1000,554.526,204.293,998.94
512.163,153.363,1000,553.186,202.857,998.94
511.4,152.072,1000,551.853,201.415,998.942
510.643,150.777,1000,551.19,200.691,998.943
509.892,149.478,1000,549.869,199.238,998.944
509.148,148.176,1000,548.556,197.778,998.947
508.41,146.87,1000,547.251,196.312,998.949
507.679,145.56,1000,545.954,194.838,998.952
506.955,144.247,1000,545.308,194.099,998.954
506.237,142.93,1000,544.024,192.615,998.957
505.525,141.609,1000,542.748,191.124,998.961
504.821,140.285,1000,541.48,189.626,998.965
504.122,138.957,1000,540.849,188.874,998.967
503.431,137.626,1000,539.594,187.366,998.972
502.746,136.292,1000,538.348,185.851,998.976
502.068,134.954,1000,537.11,184.329,998.981
501.397,133.612,1000,536.495,183.565,998.984
500.732,132.268,1000,535.271,182.033,998.99
500.074,130.92,1000,534.056,180.494,998.996
499.423,129.568,1000,532.85,178.947,999.002
498.778,128.214,1000,532.25,178.172,999.005
498.141,126.856,1000,531.058,176.615,999.012
497.51,125.495,1000,529.876,175.051,999.019
496.886,124.131,1000,528.703,173.48,999.026
496.268,122.764,1000,528.121,172.692,999.029
495.658,121.394,1000,526.962,171.111,999.037
495.055,120.021,1000,525.814,169.523,999.044
494.458,118.645,1000,524.676,167.928,999.052
493.868,117.265,1000,524.11,167.128,999.056
493.285,115.883,1000,522.987,165.523,999.064
492.709,114.498,1000,521.873,163.911,999.072
492.14,113.11,1000,521.32,163.103,999.077
491.578,111.72,1000,520.222,161.481,999.085
491.023,110.326,1000,519.134,159.852,999.094
490.475,108.93,1000,518.057,158.217,999.103
489.934,107.531,1000,517.522,157.397,999.108
489.4,106.129,1000,516.46,155.751,999.117
488.872,104.725,1000,515.409,154.099,999.127
488.352,103.318,1000,514.887,153.271,999.132
487.839,101.909,1000,513.852,151.609,999.141
487.333,100.496,1000,512.828,149.941,999.151
486.834,99.0819,1000,511.815,148.266,999.161
486.342,97.6648,1000,511.313,147.426,999.166
485.858,96.2453,1000,510.316,145.742,999.177
485.38,94.8234,1000,509.331,144.051,999.187
484.909,93.3991,1000,508.842,143.204,999.192
484.446,91.9725,1000,507.873,141.504,999.203
483.99,90.5436,1000,506.915,139.797,999.214
483.541,89.1124,1000,506.441,138.942,999.219
483.099,87.679,1000,505.5,137.227,999.23
482.664,86.2434,1000,504.571,135.505,999.241
482.236,84.8057,1000,504.11,134.642,999.247
481.816,83.3658,1000,503.198,132.911,999.258
481.403,81.9238,1000,502.297,131.175,999.269
480.997,80.4798,1000,501.851,130.305,999.274
480.598,79.0338,1000,500.968,128.559,999.286
480.206,77.5858,1000,500.097,126.808,999.297
479.822,76.1359,1000,499.666,125.931,999.303
479.445,74.684,1000,498.813,124.171,999.314
479.075,73.2303,1000,497.971,122.406,999.326
478.713,71.7748,1000,497.555,121.521,999.332
478.357,70.3175,1000,496.732,119.747,999.343
478.009,68.8584,1000,496.324,118.858,999.349
477.669,67.3976,1000,495.519,117.076,999.361
477.335,65.9351,1000,494.726,115.289,999.372
477.009,64.4709,1000,494.334,114.393,999.378
476.691,63.0052,1000,493.558,112.598,999.39
476.379,61.5379,1000,492.796,110.797,999.402
476.075,60.069,1000,492.419,109.895,999.408
475.779,58.5986,1000,491.675,108.086,999.419
475.489,57.1268,1000,490.943,106.273,999.431
475.207,55.6535,1000,490.582,105.364,999.437
474.933,54.1789,1000,489.869,103.543,999.448
474.666,52.7029,1000,489.517,102.631,999.454
474.406,51.2255,1000,488.823,100.803,999.466
474.153,49.7469,1000,488.141,98.9699,999.477
473.908,48.2671,1000,487.805,98.0517,999.483
473.671,46.786,1000,487.142,96.2117,999.495
473.44,45.3038,1000,486.815,95.29,999.501
473.218,43.8205,1000,486.171,93.4432,999.512
473.002,42.336,1000,485.539,91.5919,999.524
472.794,40.8505,1000,485.228,90.6647,999.529
472.594,39.364,1000,484.615,88.8069,999.541
472.401,37.8764,1000,484.313,87.8764,999.547
472.215,36.388,1000,483.72,86.0122,999.558
472.037,34.8986,1000,483.139,84.1438,999.569
471.866,33.4084,1000,482.854,83.208,999.575
471.703,31.9173,1000,482.292,81.3335,999.586
471.547,30.4254,1000,482.016,80.3947,999.591
471.398,28.9328,1000,481.474,78.5142,999.602
471.258,27.4394,1000,480.945,76.6298,999.613
471.124,25.9453,1000,480.685,75.6862,999.618
470.998,24.4506,1000,480.175,73.7962,999.629
470.88,22.9553,1000,479.924,72.8498,999.635
470.768,21.4595,1000,479.434,70.9543,999.645
470.665,19.963,1000,478.956,69.0551,999.656
470.569,18.4661,1000,478.722,68.1043,999.661
470.48,16.9687,1000,478.263,66.2,999.671
470.399,15.4709,1000,478.039,65.2466,999.676
470.326,13.9727,1000,477.6,63.3374,999.687
470.259,12.4742,1000,477.385,62.3816,999.692
470.201,10.9753,1000,476.965,60.4677,999.701
470.15,9.47622,1000,476.558,58.5511,999.711
470.106,7.97686,1000,476.36,57.5919,999.716
470.07,6.47729,1000,475.973,55.6713,999.726
470.041,4.97757,1000,475.784,54.71,999.731
470.02,3.47772,1000,475.416,52.7853,999.74
470.007,1.97778,1000,475.237,51.822,999.745
470,0.477796,1000,474.889,49.8939,999.754
470.002,-1.0222,1000,474.72,48.929,999.759
470.011,-2.52217,1000,474.392,46.9979,999.767
470.027,-4.02208,1000,474.077,45.0646,999.776
470.051,-5.52189,1000,473.924,44.0972,999.781
470.082,-7.02156,1000,473.629,42.1609,999.789
470.121,-8.52106,1000,473.486,41.1921,999.794
470.167,-10.0203,1000,473.211,39.2532,999.802
470.221,-11.5194,1000,473.078,38.2829,999.806
470.283,-13.0181,1000,472.822,36.3412,999.814
470.351,-14.5165,1000,472.7,35.3699,999.818
470.428,-16.0146,1000,472.464,33.4264,999.826
470.512,-17.5122,1000,472.351,32.4542,999.83
470.603,-19.0095,1000,472.135,30.5088,999.837
470.702,-20.5062,1000,471.932,28.5624,999.845
470.808,-22.0024,1000,471.836,27.5888,999.848
470.922,-23.4981,1000,471.653,25.6407,999.855
471.043,-24.9932,1000,471.566,24.666,999.859
471.172,-26.4877,1000,471.403,22.7148,999.866
471.308,-27.9815,1000,471.326,21.7384,999.869
471.451,-29.4746,1000,471.183,19.7845,999.876
471.603,-30.9669,1000,471.116,18.8074,999.879
471.761,-32.4585,1000,470.992,16.8528,999.885
471.927,-33.9493,1000,470.935,15.8753,999.888
472.101,-35.4393,1000,470.831,13.92,999.894
472.282,-36.9283,1000,470.783,12.9423,999.897
472.47,-38.4164,1000,470.699,10.9868,999.902
472.666,-39.9036,1000,470.661,10.0091,999.905
472.869,-41.3898,1000,470.596,8.05308,999.91
473.08,-42.8749,1000,470.568,7.07459,999.913
473.298,-44.359,1000,470.523,5.11639,999.918
473.523,-45.8419,1000,470.505,4.13665,999.92
473.756,-47.3237,1000,470.48,2.17649,999.925
473.996,-48.8043,1000,470.467,0.219057,999.929
474.244,-50.2837,1000,470.465,-0.756511,999.932
474.499,-51.7619,1000,470.47,-2.69474,999.936
474.762,-53.2387,1000,470.476,-3.65396,999.938
475.032,-54.7142,1000,470.494,-5.54281,999.942
475.309,-56.1884,1000,470.506,-6.46823,999.944
475.593,-57.6611,1000,470.534,-8.27418,999.948
475.885,-59.1325,1000,470.551,-9.15649,999.949
476.185,-60.6023,1000,470.591,-10.8947,999.952
476.491,-62.0706,1000,470.645,-12.6243,999.954
476.806,-63.5374,1000,470.715,-14.3797,999.957
477.127,-65.0025,1000,470.757,-15.2744,999.958
477.456,-66.4661,1000,470.856,-17.1037,999.961
477.792,-67.928,1000,470.913,-18.0377,999.962
478.135,-69.3881,1000,471.039,-19.9344,999.964
478.485,-70.8466,1000,471.108,-20.8923,999.965
478.843,-72.3033,1000,471.255,-22.8175,999.967
479.208,-73.7582,1000,471.334,-23.783,999.968
479.581,-75.2112,1000,471.5,-25.7168,999.969
479.961,-76.6623,1000,471.587,-26.6845,999.97
480.347,-78.1116,1000,471.77,-28.6206,999.971
480.742,-79.5588,1000,471.866,-29.5886,999.972
481.143,-81.0041,1000,472.066,-31.5237,999.972
481.552,-82.4474,1000,472.171,-32.4906,999.972
481.968,-83.8886,1000,472.389,-34.4234,999.973
482.391,-85.3277,1000,472.503,-35.3893,999.973
482.821,-86.7647,1000,472.739,-37.3203,999.973
483.258,-88.1995,1000,472.862,-38.2854,999.973
483.703,-89.6321,1000,473.117,-40.2148,999.973
484.155,-91.0625,1000,473.25,-41.1791,999.973
484.613,-92.4905,1000,473.524,-43.1065,999.972
485.079,-93.9163,1000,473.665,-44.0698,999.972
485.553,-95.3397,1000,473.958,-45.9951,999.971
486.033,-96.7608,1000,474.109,-46.9572,999.97
486.52,-98.1794,1000,474.421,-48.8802,999.969
487.015,-99.5956,1000,474.582,-49.8411,999.968
487.516,-101.009,1000,474.913,-51.7616,999.967
488.025,-102.42,1000,475.083,-52.7212,999.966
488.54,-103.829,1000,475.433,-54.6388,999.964
489.063,-105.235,1000,475.613,-55.5969,999.963
489.593,-106.638,1000,475.982,-57.5116,999.961
490.129,-108.039,1000,476.171,-58.4681,999.96
490.673,-109.437,1000,476.559,-60.3796,999.958
491.224,-110.832,1000,476.757,-61.3345,999.956
491.781,-112.225,1000,476.959,-62.2888,999.955
492.346,-113.614,1000,477.372,-64.1957,999.952
492.918,-115.001,1000,477.583,-65.1483,999.951
493.496,-116.385,1000,478.016,-67.0514,999.948
494.081,-117.766,1000,478.236,-68.0021,999.946
494.674,-119.144,1000,478.687,-69.9014,999.943
495.273,-120.52,1000,478.917,-70.85,999.941
495.879,-121.892,1000,479.387,-72.7452,999.937
496.492,-123.261,1000,479.627,-73.6917,999.935
497.111,-124.627,1000,479.87,-74.6375,999.933
497.738,-125.99,1000,480.365,-76.5268,999.929
498.371,-127.349,1000,480.618,-77.4702,999.927
499.011,-128.706,1000,481.132,-79.3547,999.922
499.658,-130.059,1000,481.394,-80.2957,999.92
500.312,-131.409,1000,481.928,-82.1752,999.916
500.972,-132.756,1000,482.2,-83.1137,999.913
501.64,-134.1,1000,482.752,-84.9881,999.908
502.313,-135.44,1000,483.033,-85.9239,999.906
502.994,-136.776,1000,483.317,-86.8589,999.903
503.681,-138.11,1000,483.895,-88.7261,999.898
504.375,-139.44,1000,484.189,-89.6583,999.895
505.076,-140.766,1000,484.786,-91.5198,999.89
505.783,-142.089,1000,485.089,-92.449,999.887
506.496,-143.408,1000,485.705,-94.3046,999.881
507.217,-144.724,1000,486.017,-95.231,999.878
507.944,-146.036,1000,486.333,-96.1563,999.875
508.677,-147.344,1000,486.973,-98.0039,999.869
509.417,-148.649,1000,487.298,-98.9261,999.866
510.164,-149.95,1000,487.957,-100.767,999.859
510.917,-151.248,1000,488.291,-101.686,999.856
511.676,-152.541,1000,488.629,-102.604,999.853
512.442,-153.831,1000,489.312,-104.436,999.846
513.214,-155.117,1000,489.659,-105.351,999.843
513.993,-156.399,1000,490.362,-107.176,999.836
514.778,-157.677,1000,490.717,-108.087,999.832
515.57,-158.951,1000,491.076,-108.997,999.828
516.368,-160.221,1000,491.803,-110.813,999.821
517.172,-161.487,1000,492.171,-111.719,999.818
517.983,-162.749,1000,492.917,-113.528,999.81
518.8,-164.007,1000,493.294,-114.43,999.806
519.623,-165.261,1000,493.674,-115.331,999.803
520.452,-166.511,1000,494.444,-117.129,999.795
521.288,-167.757,1000,494.834,-118.026,999.791
522.13,-168.998,1000,495.622,-119.817,999.783
522.978,-170.235,1000,496.021,-120.71,999.779
523.832,-171.468,1000,496.423,-121.602,999.775
524.693,-172.697,1000,497.236,-123.381,999.767
525.559,-173.921,1000,497.646,-124.269,999.763
526.432,-175.141,1000,498.06,-125.155,999.758
527.311,-176.357,1000,498.897,-126.923,999.75
528.195,-177.568,1000,499.32,-127.805,999.746
529.086,-178.775,1000,500.174,-129.565,999.737
529.983,-179.977,1000,500.606,-130.442,999.733
530.886,-181.175,1000,501.041,-131.318,999.729
531.795,-182.369,1000,501.919,-133.066,999.72
532.71,-183.557,1000,502.363,-133.938,999.715
533.63,-184.742,1000,502.809,-134.808,999.711
534.557,-185.921,1000,503.711,-136.543,999.702
535.49,-187.096,1000,504.167,-137.408,999.697
536.428,-188.266,1000,504.625,-138.272,999.693
537.372,-189.432,1000,505.551,-139.995,999.684
538.322,-190.592,1000,506.018,-140.854,999.679
539.278,-191.748,1000,506.961,-142.567,999.67
540.24,-192.9,1000,507.437,-143.421,999.665
541.207,-194.046,1000,507.916,-144.273,999.66
542.18,-195.188,1000,508.883,-145.973,999.65
543.159,-196.324,1000,509.37,-146.821,999.646
544.144,-197.456,1000,509.861,-147.666,999.641
545.134,-198.583,1000,510.85,-149.352,999.631
546.129,-199.705,1000,511.349,-150.193,999.626
547.131,-200.821,1000,511.851,-151.032,999.622
548.138,-201.933,1000,512.864,-152.704,999.612
549.15,-203.04,1000,513.374,-153.537,999.607
550.168,-204.142,1000,513.888,-154.369,999.602
551.191,-205.238,1000,514.923,-156.027,999.592
552.22,-206.33,1000,515.444,-156.853,999.587
553.255,-207.416,1000,515.969,-157.678,999.582
554.294,-208.497,1000,516.496,-158.5,999.577
555.34,-209.573,1000,517.559,-160.14,999.567
556.39,-210.644,1000,518.095,-160.957,999.562
557.446,-211.709,1000,518.633,-161.772,999.557
558.507,-212.769,1000,519.718,-163.397,999.546
559.574,-213.824,1000,520.265,-164.207,999.541
560.646,-214.874,1000,520.815,-165.014,999.536
561.722,-215.918,1000,521.922,-166.623,999.526
562.805,-216.956,1000,522.48,-167.425,999.521
563.892,-217.99,1000,523.041,-168.225,999.515
564.985,-219.018,1000,523.604,-169.022,999.51
566.082,-220.04,1000,524.739,-170.612,999.5
567.185,-221.057,1000,525.311,-171.403,999.494
568.293,-222.068,1000,525.885,-172.193,999.489
569.406,-223.074,1000,527.042,-173.766,999.479
570.523,-224.074,1000,527.625,-174.549,999.473
571.646,-225.068,1000,528.21,-175.33,999.468
572.774,-226.057,1000,528.798,-176.109,999.463
573.907,-227.041,1000,529.982,-177.661,999.452
575.045,-228.018,1000,530.579,-178.434,999.446
576.187,-228.99,1000,531.177,-179.205,999.441
577.334,-229.956,1000,531.779,-179.973,999.436
578.487,-230.917,1000,532.99,-181.504,999.425
579.644,-231.872,1000,533.599,-182.266,999.419
580.805,-232.82,1000,534.211,-183.026,999.414
581.972,-233.764,1000,534.826,-183.784,999.408
583.143,-234.701,1000,536.063,-185.293,999.397
584.319,-235.632,1000,536.685,-186.044,999.392
585.499,-236.558,1000,537.31,-186.793,999.386
586.684,-237.477,1000,537.938,-187.539,999.381
587.874,-238.391,1000,539.201,-189.026,999.37
589.068,-239.298,1000,539.836,-189.766,999.365
590.267,-240.2,1000,540.474,-190.503,999.359
591.47,-241.096,1000,541.758,-191.971,999.348
592.678,-241.985,1000,543.052,-193.43,999.337
593.89,-242.869,1000,544.356,-194.879,999.326
595.107,-243.746,1000,545.671,-196.319,999.315
596.328,-244.618,1000,546.331,-197.036,999.309
597.553,-245.483,1000,547.661,-198.461,999.298
598.782,-246.342,1000,549,-199.878,999.286
600.016,-247.195,1000,550.349,-201.285,999.275
601.254,-248.042,1000,551.706,-202.683,999.264
602.497,-248.883,1000,553.072,-204.072,999.253
603.743,-249.717,1000,553.758,-204.764,999.248
604.994,-250.545,1000,555.136,-206.141,999.237
606.249,-251.367,1000,556.521,-207.511,999.227
607.507,-252.183,1000,557.914,-208.873,999.216
608.77,-252.992,1000,559.313,-210.227,999.206
610.037,-253.795,1000,560.72,-211.574,999.197
611.308,-254.592,1000,561.426,-212.245,999.192
612.583,-255.382,1000,562.844,-213.58,999.183
613.862,-256.166,1000,564.268,-214.908,999.173
615.145,-256.943,1000,565.699,-216.228,999.165
616.432,-257.714,1000,567.137,-217.54,999.156
617.722,-258.479,1000,567.859,-218.193,999.152
619.016,-259.237,1000,569.307,-219.493,999.144
620.314,-259.989,1000,570.763,-220.786,999.136
621.616,-260.734,1000,572.225,-222.07,999.129
622.922,-261.473,1000,572.958,-222.709,999.125
624.231,-262.205,1000,574.431,-223.981,999.118
625.544,-262.93,1000,575.91,-225.245,999.111
626.86,-263.649,1000,577.397,-226.5,999.105
628.18,-264.362,1000,578.89,-227.747,999.099
629.504,-265.068,1000,579.639,-228.367,999.096
630.831,-265.767,1000,581.143,-229.601,999.09
632.162,-266.459,1000,582.654,-230.826,999.084
633.496,-267.145,1000,584.172,-232.042,999.079
634.833,-267.824,1000,584.933,-232.646,999.076
636.174,-268.497,1000,586.461,-233.848,999.071
637.518,-269.163,1000,587.997,-235.042,999.067
638.865,-269.822,1000,589.539,-236.226,999.062
640.216,-270.474,1000,590.312,-236.814,999.06
641.57,-271.119,1000,591.864,-237.985,999.056
642.927,-271.758,1000,593.423,-239.146,999.052
644.288,-272.39,1000,594.989,-240.297,999.049
645.651,-273.015,1000,595.774,-240.869,999.047
647.018,-273.634,1000,597.35,-242.006,999.044
648.388,-274.245,1000,598.933,-243.133,999.041
649.76,-274.85,1000,600.523,-244.251,999.038
651.136,-275.448,1000,601.32,-244.806,999.037
652.515,-276.038,1000,602.92,-245.909,999.034
653.896,-276.622,1000,604.526,-247.001,999.031
655.281,-277.199,1000,605.332,-247.544,999.03
656.668,-277.77,1000,606.949,-248.622,999.027
658.059,-278.333,1000,608.572,-249.689,999.025
659.452,-278.889,1000,610.201,-250.746,999.023
660.847,-279.438,1000,611.018,-251.271,999.022
662.246,-279.981,1000,612.657,-252.313,999.021
663.647,-280.516,1000,614.302,-253.344,999.02
665.051,-281.044,1000,615.127,-253.856,999.019
666.458,-281.565,1000,616.782,-254.872,999.019
667.867,-282.079,1000,618.443,-255.876,999.018
669.278,-282.587,1000,620.11,-256.87,999.018
670.693,-283.087,1000,620.946,-257.363,999.018
672.109,-283.58,1000,622.623,-258.341,999.018
673.528,-284.066,1000,624.305,-259.308,999.018
674.95,-284.544,1000,625.149,-259.788,999.018
676.374,-285.016,1000,626.84,-260.738,999.018
677.8,-285.481,1000,628.538,-261.678,999.019
679.229,-285.938,1000,629.389,-262.143,999.019
680.66,-286.388,1000,631.096,-263.067,999.02
682.093,-286.831,1000,632.808,-263.979,999.02
683.528,-287.267,1000,633.667,-264.431,999.021
684.965,-287.696,1000,635.388,-265.327,999.022
686.405,-288.118,1000,637.114,-266.211,999.022
687.846,-288.532,1000,637.98,-266.649,999.023
689.29,-288.939,1000,639.715,-267.516,999.024
690.736,-289.339,1000,641.456,-268.372,999.025
692.183,-289.732,1000,642.328,-268.796,999.026
693.633,-290.117,1000,644.077,-269.634,999.027
695.085,-290.496,1000,645.832,-270.461,999.029
696.538,-290.867,1000,646.711,-270.87,999.029
697.993,-291.23,1000,648.474,-271.679,999.031
699.45,-291.587,1000,650.241,-272.477,999.033
700.909,-291.936,1000,651.127,-272.871,999.034
702.37,-292.277,1000,652.901,-273.651,999.036
703.832,-292.612,1000,654.678,-274.419,999.039
705.296,-292.939,1000,655.569,-274.798,999.04
706.761,-293.259,1000,657.353,-275.548,999.04
708.228,-293.572,1000,658.247,-275.919,999.041
709.697,-293.877,1000,660.039,-276.651,999.042
711.167,-294.175,1000,661.836,-277.372,999.045
712.639,-294.465,1000,662.736,-277.728,999.047
714.112,-294.748,1000,664.542,-278.431,999.049
715.586,-295.024,1000,666.352,-279.122,999.052
717.062,-295.292,1000,667.26,-279.463,999.053
718.539,-295.553,1000,669.078,-280.136,999.056
720.017,-295.807,1000,670.9,-280.796,999.059
721.497,-296.053,1000,671.813,-281.122,999.06
722.978,-296.292,1000,673.641,-281.765,999.063
724.46,-296.523,1000,674.557,-282.081,999.064
725.943,-296.747,1000,676.393,-282.705,999.067
727.428,-296.964,1000,678.232,-283.317,999.07
728.913,-297.173,1000,679.152,-283.619,999.071
730.399,-297.375,1000,680.997,-284.212,999.074
731.887,-297.569,1000,681.921,-284.505,999.075
733.375,-297.756,1000,683.772,-285.08,999.078
734.864,-297.935,1000,685.626,-285.643,999.081
736.354,-298.107,1000,686.554,-285.92,999.083
737.845,-298.272,1000,688.414,-286.465,999.086
739.337,-298.429,1000,689.345,-286.733,999.088
740.829,-298.578,1000,691.21,-287.259,999.091
742.323,-298.721,1000,693.079,-287.772,999.094
743.817,-298.855,1000,694.014,-288.024,999.096
745.311,-298.982,1000,695.888,-288.518,999.099
746.806,-299.102,1000,696.826,-288.761,999.1
748.302,-299.214,1000,698.704,-289.237,999.104
749.799,-299.319,1000,700.585,-289.701,999.107
751.295,-299.416,1000,701.527,-289.927,999.109
752.793,-299.506,1000,703.413,-290.372,999.112
754.29,-299.588,1000,704.357,-290.59,999.114
755.789,-299.663,1000,706.247,-291.015,999.117
757.287,-299.731,1000,708.14,-291.429,999.121
758.786,-299.79,1000,709.087,-291.63,999.122
760.285,-299.843,1000,710.984,-292.025,999.126
761.784,-299.887,1000,711.933,-292.217,999.128
763.284,-299.925,1000,713.834,-292.593,999.131
764.784,-299.955,1000,714.785,-292.776,999.133
766.283,-299.977,1000,716.69,-293.132,999.136
767.783,-299.992,1000,718.596,-293.476,999.14
769.283,-299.999,1000,719.55,-293.643,999.142
770.783,-299.999,1000,721.459,-293.968,999.146
772.283,-299.991,1000,722.414,-294.126,999.147
773.783,-299.976,1000,724.327,-294.432,999.151
775.283,-299.953,1000,725.283,-294.58,999.153
776.783,-299.923,1000,727.198,-294.867,999.156
778.282,-299.886,1000,729.115,-295.141,999.16
779.782,-299.84,1000,730.074,-295.274,999.162
781.281,-299.788,1000,731.992,-295.529,999.166
782.779,-299.728,1000,732.952,-295.651,999.168
784.278,-299.66,1000,734.872,-295.887,999.171
785.776,-299.585,1000,735.833,-296,999.173
787.274,-299.502,1000,737.754,-296.217,999.177
788.771,-299.412,1000,739.677,-296.421,999.181
790.268,-299.315,1000,740.639,-296.518,999.183
791.764,-299.209,1000,742.562,-296.702,999.187
793.26,-299.097,1000,743.524,-296.79,999.188
794.755,-298.977,1000,745.448,-296.955,999.192
796.25,-298.849,1000,746.411,-297.033,999.194
797.744,-298.714,1000,748.336,-297.18,999.197
799.237,-298.572,1000,749.298,-297.248,999.199
800.729,-298.422,1000,751.224,-297.376,999.204
802.221,-298.265,1000,753.149,-297.491,999.208
803.712,-298.1,1000,754.111,-297.544,999.21
805.202,-297.928,1000,756.036,-297.64,999.213
806.691,-297.748,1000,756.998,-297.683,999.215
808.179,-297.561,1000,758.923,-297.759,999.218
809.667,-297.366,1000,759.885,-297.793,999.22
811.153,-297.164,1000,761.811,-297.851,999.224
812.638,-296.954,1000,762.775,-297.875,999.226
814.123,-296.738,1000,764.701,-297.913,999.23
815.606,-296.513,1000,765.664,-297.928,999.233
817.088,-296.282,1000,767.59,-297.948,999.237
818.569,-296.042,1000,769.515,-297.955,999.24
820.048,-295.796,1000,770.477,-297.953,999.242
821.527,-295.542,1000,772.401,-297.942,999.245
823.004,-295.281,1000,773.363,-297.931,999.247
824.479,-295.012,1000,775.288,-297.9,999.25
825.954,-294.736,1000,776.25,-297.88,999.252
827.427,-294.452,1000,778.177,-297.83,999.256
828.898,-294.162,1000,779.14,-297.8,999.258
830.368,-293.863,1000,781.066,-297.732,999.263
831.837,-293.558,1000,782.028,-297.693,999.265
833.304,-293.245,1000,783.953,-297.605,999.269
834.769,-292.925,1000,784.914,-297.556,999.271
836.233,-292.597,1000,786.837,-297.45,999.274
837.695,-292.262,1000,787.797,-297.392,999.275
839.156,-291.92,1000,789.718,-297.266,999.279
840.614,-291.571,1000,790.678,-297.199,999.281
842.071,-291.214,1000,792.599,-297.054,999.284
843.527,-290.85,1000,793.56,-296.977,999.286
844.98,-290.479,1000,795.482,-296.814,999.29
846.431,-290.1,1000,796.442,-296.727,999.292
847.881,-289.715,1000,798.364,-296.545,999.296
849.328,-289.322,1000,800.286,-296.349,999.299
850.774,-288.921,1000,801.247,-296.246,999.301
852.218,-288.514,1000,803.169,-296.031,999.305
853.659,-288.099,1000,804.129,-295.919,999.306
855.099,-287.677,1000,806.05,-295.684,999.31
856.536,-287.248,1000,807.01,-295.562,999.312
857.971,-286.812,1000,808.929,-295.309,999.315
859.404,-286.368,1000,809.888,-295.177,999.317
860.835,-285.918,1000,810.847,-295.043,999.319
862.263,-285.46,1000,812.763,-294.765,999.323
863.689,-284.995,1000,813.72,-294.621,999.324
865.113,-284.523,1000,815.632,-294.324,999.328
866.535,-284.044,1000,816.588,-294.171,999.329
867.954,-283.558,1000,818.497,-293.856,999.332
869.37,-283.065,1000,819.45,-293.694,999.334
870.784,-282.564,1000,821.356,-293.36,999.338
872.196,-282.057,1000,822.308,-293.189,999.339
873.605,-281.542,1000,824.212,-292.836,999.343
875.011,-281.021,1000,825.163,-292.654,999.344
876.415,-280.492,1000,827.064,-292.282,999.348
877.816,-279.957,1000,828.013,-292.091,999.349
879.215,-279.414,1000,829.912,-291.699,999.353
880.61,-278.864,1000,830.86,-291.499,999.354
882.003,-278.308,1000,832.755,-291.087,999.358
883.393,-277.744,1000,833.701,-290.877,999.359
884.781,-277.174,1000,835.592,-290.447,999.363
886.165,-276.597,1000,836.536,-290.227,999.364
887.547,-276.012,1000,838.423,-289.778,999.367
888.925,-275.421,1000,839.365,-289.549,999.369
890.301,-274.823,1000,840.306,-289.317,999.371
891.673,-274.218,1000,842.187,-288.843,999.374
893.043,-273.606,1000,843.126,-288.602,999.375
894.409,-272.988,1000,845.002,-288.11,999.379
895.773,-272.362,1000,845.939,-287.859,999.38
897.133,-271.73,1000,847.81,-287.349,999.383
898.49,-271.091,1000,848.744,-287.089,999.385
899.844,-270.445,1000,850.61,-286.561,999.388
901.195,-269.792,1000,851.542,-286.292,999.39
902.542,-269.133,1000,853.403,-285.744,999.393
903.886,-268.467,1000,854.332,-285.466,999.395
905.227,-267.794,1000,855.26,-285.184,999.396
906.564,-267.115,1000,857.113,-284.612,999.399
907.898,-266.429,1000,858.039,-284.321,999.401
909.228,-265.736,1000,859.886,-283.73,999.404
910.555,-265.036,1000,860.808,-283.43,999.406
911.878,-264.33,1000,862.65,-282.82,999.409
913.198,-263.618,1000,863.57,-282.511,999.41
914.515,-262.898,1000,865.405,-281.883,999.413
915.827,-262.172,1000,866.322,-281.565,999.415
917.136,-261.44,1000,867.237,-281.244,999.417
918.442,-260.701,1000,869.064,-280.592,999.42
919.743,-259.956,1000,869.976,-280.261,999.421
921.041,-259.204,1000,871.797,-279.591,999.424
922.335,-258.445,1000,872.706,-279.251,999.426
923.626,-257.68,1000,874.52,-278.563,999.429
924.912,-256.909,1000,875.425,-278.214,999.43
926.195,-256.131,1000,876.329,-277.863,999.432
927.473,-255.347,1000,878.134,-277.15,999.435
928.748,-254.557,1000,879.035,-276.789,999.437
930.019,-253.76,1000,880.833,-276.059,999.44
931.286,-252.956,1000,881.73,-275.689,999.441
932.549,-252.147,1000,882.626,-275.316,999.443
933.807,-251.331,1000,884.414,-274.562,999.446
935.062,-250.509,1000,885.306,-274.18,999.447
936.312,-249.68,1000,887.087,-273.408,999.45
937.559,-248.846,1000,887.975,-273.017,999.452
938.801,-248.005,1000,888.862,-272.623,999.453
940.039,-247.158,1000,890.633,-271.827,999.456
941.272,-246.304,1000,891.516,-271.425,999.458
942.502,-245.445,1000,893.278,-270.611,999.461
943.727,-244.579,1000,894.157,-270.2,999.462
944.947,-243.708,1000,895.035,-269.785,999.464
946.164,-242.83,1000,896.786,-268.948,999.467
947.376,-241.946,1000,897.659,-268.524,999.468
948.583,-241.056,1000,899.402,-267.669,999.471
949.786,-240.16,1000,900.271,-267.237,999.472
950.985,-239.258,1000,901.139,-266.802,999.474
952.179,-238.35,1000,902.87,-265.923,999.477
953.368,-237.436,1000,903.733,-265.479,999.478
954.553,-236.517,1000,904.595,-265.032,999.48
955.734,-235.591,1000,906.314,-264.13,999.483
956.909,-234.659,1000,907.172,-263.674,999.484
958.08,-233.722,1000,908.882,-262.755,999.487
959.246,-232.778,1000,909.735,-262.291,999.488
960.408,-231.829,1000,910.586,-261.824,999.49
961.565,-230.874,1000,912.284,-260.882,999.493
962.717,-229.914,1000,913.13,-260.406,999.494
963.864,-228.947,1000,913.975,-259.928,999.495
965.006,-227.975,1000,915.66,-258.962,999.498
966.143,-226.997,1000,916.5,-258.475,999.5
967.276,-226.014,1000,917.339,-257.985,999.501
968.404,-225.024,1000,919.01,-256.998,999.504
969.526,-224.03,1000,919.844,-256.499,999.505
970.644,-223.029,1000,920.676,-255.998,999.507
971.757,-222.023,1000,922.334,-254.987,999.51
972.864,-221.012,1000,923.161,-254.478,999.511
973.967,-219.995,1000,923.986,-253.965,999.512
975.064,-218.972,1000,925.631,-252.932,999.515
976.156,-217.944,1000,926.45,-252.411,999.517
977.243,-216.91,1000,927.268,-251.888,999.518
978.325,-215.872,1000,928.899,-250.832,999.521
979.402,-214.827,1000,929.711,-250.3,999.523
980.474,-213.777,1000,930.522,-249.765,999.524
981.54,-212.722,1000,932.138,-248.687,999.527
982.601,-211.662,1000,932.943,-248.144,999.528
983.657,-210.596,1000,933.747,-247.598,999.529
984.707,-209.526,1000,935.348,-246.498,999.532
985.752,-208.449,1000,936.145,-245.944,999.533
986.791,-207.368,1000,936.941,-245.387,999.535
987.825,-206.281,1000,938.527,-244.265,999.537
988.854,-205.19,1000,939.317,-243.699,999.539
989.877,-204.093,1000,940.105,-243.132,999.54
990.895,-202.991,1000,941.676,-241.988,999.543
991.907,-201.884,1000,942.458,-241.412,999.544
992.914,-200.772,1000,943.239,-240.833,999.545
993.915,-199.655,1000,944.017,-240.252,999.547
994.91,-198.533,1000,945.568,-239.082,999.549
995.9,-197.406,1000,946.341,-238.492,999.551
996.885,-196.274,1000,947.111,-237.9,999.552
997.863,-195.137,1000,947.88,-237.306,999.553
998.836,-193.995,1000,949.41,-236.109,999.556
999.803,-192.849,1000,950.173,-235.507,999.557
1000.76,-191.697,1000,950.933,-234.902,999.559
1001.72,-190.541,1000,952.448,-233.685,999.561
1002.67,-189.38,1000,953.202,-233.072,999.563
1003.61,-188.214,1000,953.954,-232.456,999.564
1004.55,-187.044,1000,954.704,-231.839,999.565
1005.48,-185.869,1000,956.197,-230.595,999.568
1006.41,-184.689,1000,956.941,-229.969,999.57
1007.33,-183.505,1000,957.682,-229.341,999.571
1008.25,-182.316,1000,958.421,-228.71,999.572
1009.15,-181.122,1000,959.157,-228.076,999.573
1010.06,-179.924,1000,960.624,-226.801,999.576
1010.95,-178.722,1000,961.354,-226.16,999.577
1011.84,-177.515,1000,962.082,-225.516,999.578
1012.73,-176.303,1000,962.808,-224.869,999.58
1013.61,-175.087,1000,964.252,-223.569,999.582
1014.48,-173.867,1000,964.971,-222.915,999.584
1015.35,-172.643,1000,965.688,-222.258,999.585
1016.21,-171.414,1000,967.114,-220.937,999.588
1017.06,-170.181,1000,968.531,-219.606,999.591
1017.91,-168.943,1000,969.235,-218.937,999.592
1018.75,-167.701,1000,970.638,-217.591,999.594
1019.58,-166.456,1000,972.03,-216.235,999.597
1020.41,-165.206,1000,973.413,-214.87,999.599
1021.24,-163.952,1000,974.787,-213.494,999.602
1022.05,-162.693,1000,976.151,-212.11,999.604
1022.86,-161.431,1000,976.829,-211.415,999.605
1023.67,-160.165,1000,978.18,-210.017,999.607
1024.47,-158.894,1000,979.523,-208.612,999.609
1025.26,-157.62,1000,980.857,-207.199,999.612
1026.04,-156.342,1000,982.184,-205.78,999.614
1026.82,-155.06,1000,983.504,-204.353,999.617
1027.59,-153.774,1000,984.162,-203.637,999.619
1028.36,-152.484,1000,985.471,-202.2,999.622
1029.12,-151.19,1000,986.774,-200.756,999.625
1029.87,-149.893,1000,988.069,-199.307,999.628
1030.62,-148.591,1000,988.714,-198.579,999.63
1031.36,-147.286,1000,989.998,-197.121,999.633
1032.09,-145.978,1000,991.275,-195.655,999.636
1032.82,-144.666,1000,992.545,-194.183,999.64
1033.54,-143.35,1000,993.807,-192.704,999.644
1034.25,-142.03,1000,994.436,-191.962,999.645
1034.96,-140.707,1000,995.687,-190.474,999.649
1035.66,-139.381,1000,996.93,-188.979,999.653
1036.35,-138.051,1000,998.164,-187.477,999.657
1037.04,-136.717,1000,999.391,-185.969,999.66
1037.72,-135.38,1000,1000,-185.212,999.662
1038.39,-134.04,1000,1001.22,-183.695,999.666
1039.06,-132.696,1000,1002.42,-182.17,999.67
1039.72,-131.349,1000,1003.62,-180.638,999.674
1040.37,-129.999,1000,1004.22,-179.87,999.676
1041.02,-128.646,1000,1005.4,-178.33,999.68
1041.66,-127.289,1000,1006.58,-176.782,999.683
1042.29,-125.929,1000,1007.75,-175.228,999.688
1042.92,-124.566,1000,1008.33,-174.449,999.69
1043.54,-123.2,1000,1009.48,-172.885,999.694
1044.15,-121.831,1000,1010.63,-171.314,999.698
1044.75,-120.459,1000,1011.76,-169.737,999.702
1045.35,-119.083,1000,1012.33,-168.946,999.704
1045.94,-117.705,1000,1013.45,-167.359,999.708
1046.53,-116.324,1000,1014.57,-165.766,999.712
1047.11,-114.94,1000,1015.67,-164.166,999.717
1047.68,-113.553,1000,1016.22,-163.363,999.719
1048.24,-112.163,1000,1017.31,-161.753,999.723
1048.8,-110.77,1000,1018.39,-160.137,999.727
1049.35,-109.375,1000,1018.92,-159.326,999.729
1049.89,-107.977,1000,1019.99,-157.7,999.733
1050.43,-106.576,1000,1021.04,-156.067,999.738
1050.96,-105.173,1000,1022.09,-154.428,999.742
1051.48,-103.766,1000,1022.61,-153.607,999.744
1052,-102.358,1000,1023.64,-151.958,999.748
1052.51,-100.947,1000,1024.66,-150.303,999.753
1053.01,-99.5327,1000,1025.16,-149.473,999.755
1053.5,-98.1164,1000,1026.17,-147.808,999.759
1053.99,-96.6977,1000,1027.16,-146.138,999.763
1054.47,-95.2766,1000,1028.14,-144.461,999.767
1054.94,-93.853,1000,1028.63,-143.62,999.769
1055.41,-92.4272,1000,1029.6,-141.934,999.773
1055.87,-90.999,1000,1030.56,-140.242,999.778
1056.32,-89.5685,1000,1031.03,-139.393,999.78
1056.76,-88.1358,1000,1031.97,-137.692,999.784
1057.2,-86.7009,1000,1032.9,-135.985,999.788
1057.63,-85.2639,1000,1033.36,-135.129,999.79
1058.05,-83.8246,1000,1034.27,-133.413,999.794
1058.47,-82.3834,1000,1035.17,-131.691,999.798
1058.87,-80.94,1000,1035.62,-130.828,999.8
1059.28,-79.4946,1000,1036.5,-129.097,999.805
1059.67,-78.0472,1000,1037.38,-127.361,999.809
1060.06,-76.5979,1000,1037.81,-126.491,999.811
1060.44,-75.1467,1000,1038.67,-124.746,999.815
1060.81,-73.6936,1000,1039.51,-122.996,999.819
1061.17,-72.2386,1000,1039.93,-122.119,999.821
1061.53,-70.7819,1000,1040.76,-120.36,999.825
1061.88,-69.3233,1000,1041.57,-118.596,999.829
1062.22,-67.8631,1000,1041.98,-117.712,999.831
1062.56,-66.4011,1000,1042.77,-115.94,999.835
1062.89,-64.9375,1000,1043.56,-114.163,999.839
1063.21,-63.4722,1000,1043.95,-113.273,999.84
1063.52,-62.0054,1000,1044.72,-111.488,999.844
1063.83,-60.537,1000,1045.47,-109.698,999.848
1064.13,-59.0671,1000,1045.85,-108.801,999.85
1064.42,-57.5958,1000,1046.58,-107.004,999.853
1064.7,-56.123,1000,1046.95,-106.103,999.855
1064.98,-54.6488,1000,1047.67,-104.299,999.859
1065.25,-53.1732,1000,1048.38,-102.49,999.863
1065.51,-51.6963,1000,1048.73,-101.583,999.864
1065.77,-50.2181,1000,1049.42,-99.7672,999.868
1066.01,-48.7386,1000,1050.09,-97.9466,999.871
1066.25,-47.2579,1000,1050.43,-97.0345,999.873
1066.49,-45.7761,1000,1051.09,-95.2071,999.877
1066.71,-44.2931,1000,1051.41,-94.2917,999.879
1066.93,-42.809,1000,1052.05,-92.4578,999.882
1067.14,-41.3238,1000,1052.68,-90.6198,999.885
1067.34,-39.8376,1000,1052.99,-89.6992,999.887
1067.54,-38.3504,1000,1053.6,-87.8549,999.89
1067.73,-36.8622,1000,1054.19,-86.0066,999.893
1067.91,-35.3731,1000,1054.49,-85.0809,999.895
1068.08,-33.8831,1000,1055.07,-83.2265,999.898
1068.25,-32.3923,1000,1055.35,-82.2979,999.9
1068.4,-30.9007,1000,1055.91,-80.438,999.903
1068.56,-29.4083,1000,1056.45,-78.5745,999.906
1068.7,-27.9152,1000,1056.72,-77.6414,999.907
1068.83,-26.4213,1000,1057.25,-75.7726,999.91
1068.96,-24.9268,1000,1057.51,-74.8368,999.911
1069.08,-23.4317,1000,1058.02,-72.9627,999.914
1069.2,-21.936,1000,1058.51,-71.0853,999.917
1069.3,-20.4397,1000,1058.76,-70.1454,999.919
1069.4,-18.943,1000,1059.23,-68.2632,999.921
1069.49,-17.4457,1000,1059.47,-67.321,999.923
1069.58,-15.9481,1000,1059.92,-65.4343,999.925
1069.65,-14.45,1000,1060.37,-63.5445,999.928
1069.72,-12.9516,1000,1060.58,-62.5985,999.929
1069.78,-11.4528,1000,1061.01,-60.7044,999.932
1069.83,-9.95376,1000,1061.22,-59.7564,999.933
1069.88,-8.45447,1000,1061.62,-57.8583,999.935
1069.92,-6.95497,1000,1061.82,-56.9083,999.937
1069.95,-5.45529,1000,1062.21,-55.0062,999.939
1069.97,-3.95548,1000,1062.58,-53.1018,999.941
1069.99,-2.45556,1000,1062.76,-52.1488,999.943
